id, gid,price,comment,intro,shop, listimga1, listimga2, listimga3, listimga4, listimga5, listimga6,listimgb1,listimgb2,listimgb3,listimgb4,listimgb5,listimgb6,detailimgb1,detailimgb2,detailimgb3,detailimgb4,detailimgb5,detailimgb6,detailimgs1,detailimgs2,detailimgs3,detailimgs4,detailimgs5,detailimgs6
1,1,8788.00 ,0,"Apple iPhone XS Max 256G 银色 移动联通电信4G手机

iPhone XS Max配备6.5英寸显示屏，",国美Apple产品专营店,../img/l1a-tu1.jpg,../img/l1a-tu2.jpg,../img/l1a-tu3.jpg,../img/l1a-tu4.jpg,../img/l1a-tu5.jpg,,../imgl1b-tu1.jpg,../imgl1b-tu2.jpg,../imgl1b-tu3.jpg,../imgl1b-tu4.jpg,../imgl1b-tu5.jpg,,../img/d1b-tu1.jpg,../img/d1b-tu2.jpg,../img/d1b-tu3.jpg,../img/d1b-tu4.jpg,../img/d1b-tu5.jpg,,../img/d1s-tu1.jpg,../img/d1s-tu2.jpg,..img/d1s-tu3.jpg,../img/d1s-tu4.jpg,../img/d1s-tu5.jpg,
2,2,1899.00 ,0,"荣耀（honor）荣耀8X (JSN-AL00)全网通6GB+128GB梦幻紫

拥有91%屏占比，破界无边的开阔视",自营荣耀官方旗舰店,../img/l2a-tu1.jpg,../img/l2a-tu2.jpg,../img/l2a-tu3.jpg,../img/l2a-tu4.jpg,../img/l2a-tu5.jpg,,../img/l2b-tu1.jpg,../img/l2b-tu2.jpg,../img/l2b-tu3.jpg,../img/l2b-tu4.jpg,../img/l2b-tu5.jpg,,../img/d2b-tu1.jpg,../img/d2b-tu2.jpg,../img/d2b-tu3.jpg,../img/d2b-tu4.jpg,../img/d2b-tu5.jpg,,../img/d2s-tu1.jpg,../img/d2s-tu2.jpg,../img/d2s-tu3.jpg,../img/d2s-tu4.jpg,../img/d2s-tu5.jpg,
3,3,1299.00 ,0,"荣耀（honor）荣耀10青春版 标配版 4GB+64GB 全网通版 幻夜黑

幻彩渐变，2400万AI自拍，6.21英寸9",自营荣耀官方旗舰店,../img/l3a-tu1.jpg,../img/l3a-tu2.jpg,../img/l3a-tu3.jpg,../img/l3a-tu4.jpg,,,../img/l3b-tu1.jpg,../img/l3b-tu2.jpg,../img/l3b-tu3.jpg,../img/l3b-tu4.jpg,../img/l3b-tu5.jpg,,../img/d3b-tu1.jpg,../img/d3b-tu2.jpg,../img/d3b-tu3.jpg,../img/d3b-tu4.jpg,../img/d3b-tu5.jpg,../img/d3b-tu6.jpg,../img/d3s-tu1.jpg,../img/d3s-tu2.jpg,../img/d3s-tu3.jpg,../img/d3s-tu4.jpg,../img/d3s-tu5.jpg,../img/d3s-tu6.jpg
4,4,5388.00 ,0,"Apple iPhone XR 128G 珊瑚色 移动联通电信4G手机

“哪一面都是亮点”iPhone XR配备6.1",国美Apple产品专营点,../img/l4a-tu1.jpg,../img/l4a-tu2.jpg,../img/l4a-tu3.jpg,../img/l4a-tu4.jpg,../img/l4a-tu5.jpg,../img/l4a-tu6.jpg,../img/l4b-tu1.jpg,../img/l4b-tu2.jpg,../img/l4b-tu3.jpg,../img/l4b-tu4.jpg,../img/l4b-tu5.jpg,../img/l4b-tu6.jpg,../img/d4b-tu1.jpg,../img/d4b-tu2.jpg,../img/d4b-tu3.jpg,../img/d4b-tu4.jpg,../img/d4b-tu5.jpg,,../img/d4s-tu1.jpg,../img/d4s-tu2.jpg,../img/d4s-tu3.jpg,../img/d4s-tu4.jpg,../img/d4s-tu5.jpg,
5,5,8788.00 ,0,"Apple iPhone XS Max 256G 银色 移动联通电信4G手机

iPhone XS Max配备6.6英寸显示屏，",国美Apple产品专营店,../img/l1a-tu1.jpg,../img/l1a-tu2.jpg,../img/l1a-tu3.jpg,../img/l1a-tu4.jpg,../img/l1a-tu5.jpg,,../imgl1b-tu1.jpg,../imgl1b-tu2.jpg,../imgl1b-tu3.jpg,../imgl1b-tu4.jpg,../imgl1b-tu5.jpg,,../img/d1b-tu1.jpg,../img/d1b-tu2.jpg,../img/d1b-tu3.jpg,../img/d1b-tu4.jpg,../img/d1b-tu5.jpg,,../img/d1s-tu1.jpg,../img/d1s-tu2.jpg,..img/d1s-tu3.jpg,../img/d1s-tu4.jpg,../img/d1s-tu5.jpg,
6,6,1899.00 ,0,"荣耀（honor）荣耀8X (JSN-AL00)全网通6GB+128GB梦幻紫

拥有92%屏占比，破界无边的开阔视",自营荣耀官方旗舰店,../img/l2a-tu1.jpg,../img/l2a-tu2.jpg,../img/l2a-tu3.jpg,../img/l2a-tu4.jpg,../img/l2a-tu5.jpg,,../img/l2b-tu1.jpg,../img/l2b-tu2.jpg,../img/l2b-tu3.jpg,../img/l2b-tu4.jpg,../img/l2b-tu5.jpg,,../img/d2b-tu1.jpg,../img/d2b-tu2.jpg,../img/d2b-tu3.jpg,../img/d2b-tu4.jpg,../img/d2b-tu5.jpg,,../img/d2s-tu1.jpg,../img/d2s-tu2.jpg,../img/d2s-tu3.jpg,../img/d2s-tu4.jpg,../img/d2s-tu5.jpg,
7,7,1299.00 ,0,"荣耀（honor）荣耀10青春版 标配版 4GB+64GB 全网通版 幻夜黑

幻彩渐变，2400万AI自拍，6.21英寸10",自营荣耀官方旗舰店,../img/l3a-tu1.jpg,../img/l3a-tu2.jpg,../img/l3a-tu3.jpg,../img/l3a-tu4.jpg,,,../img/l3b-tu1.jpg,../img/l3b-tu2.jpg,../img/l3b-tu3.jpg,../img/l3b-tu4.jpg,../img/l3b-tu5.jpg,,../img/d3b-tu1.jpg,../img/d3b-tu2.jpg,../img/d3b-tu3.jpg,../img/d3b-tu4.jpg,../img/d3b-tu5.jpg,../img/d3b-tu6.jpg,../img/d3s-tu1.jpg,../img/d3s-tu2.jpg,../img/d3s-tu3.jpg,../img/d3s-tu4.jpg,../img/d3s-tu5.jpg,../img/d3s-tu6.jpg
8,8,5388.00 ,0,"Apple iPhone XR 128G 珊瑚色 移动联通电信4G手机

“哪一面都是亮点”iPhone XR配备6.2",国美Apple产品专营点,../img/l4a-tu1.jpg,../img/l4a-tu2.jpg,../img/l4a-tu3.jpg,../img/l4a-tu4.jpg,../img/l4a-tu5.jpg,../img/l4a-tu6.jpg,../img/l4b-tu1.jpg,../img/l4b-tu2.jpg,../img/l4b-tu3.jpg,../img/l4b-tu4.jpg,../img/l4b-tu5.jpg,../img/l4b-tu6.jpg,../img/d4b-tu1.jpg,../img/d4b-tu2.jpg,../img/d4b-tu3.jpg,../img/d4b-tu4.jpg,../img/d4b-tu5.jpg,,../img/d4s-tu1.jpg,../img/d4s-tu2.jpg,../img/d4s-tu3.jpg,../img/d4s-tu4.jpg,../img/d4s-tu5.jpg,
9,9,8788.00 ,0,"Apple iPhone XS Max 256G 银色 移动联通电信4G手机

iPhone XS Max配备6.7英寸显示屏，",国美Apple产品专营店,../img/l1a-tu1.jpg,../img/l1a-tu2.jpg,../img/l1a-tu3.jpg,../img/l1a-tu4.jpg,../img/l1a-tu5.jpg,,../imgl1b-tu1.jpg,../imgl1b-tu2.jpg,../imgl1b-tu3.jpg,../imgl1b-tu4.jpg,../imgl1b-tu5.jpg,,../img/d1b-tu1.jpg,../img/d1b-tu2.jpg,../img/d1b-tu3.jpg,../img/d1b-tu4.jpg,../img/d1b-tu5.jpg,,../img/d1s-tu1.jpg,../img/d1s-tu2.jpg,..img/d1s-tu3.jpg,../img/d1s-tu4.jpg,../img/d1s-tu5.jpg,
10,10,1899.00 ,0,"荣耀（honor）荣耀8X (JSN-AL00)全网通6GB+128GB梦幻紫

拥有93%屏占比，破界无边的开阔视",自营荣耀官方旗舰店,../img/l2a-tu1.jpg,../img/l2a-tu2.jpg,../img/l2a-tu3.jpg,../img/l2a-tu4.jpg,../img/l2a-tu5.jpg,,../img/l2b-tu1.jpg,../img/l2b-tu2.jpg,../img/l2b-tu3.jpg,../img/l2b-tu4.jpg,../img/l2b-tu5.jpg,,../img/d2b-tu1.jpg,../img/d2b-tu2.jpg,../img/d2b-tu3.jpg,../img/d2b-tu4.jpg,../img/d2b-tu5.jpg,,../img/d2s-tu1.jpg,../img/d2s-tu2.jpg,../img/d2s-tu3.jpg,../img/d2s-tu4.jpg,../img/d2s-tu5.jpg,
11,11,1299.00 ,0,"荣耀（honor）荣耀10青春版 标配版 4GB+64GB 全网通版 幻夜黑

幻彩渐变，2400万AI自拍，6.21英寸11",自营荣耀官方旗舰店,../img/l3a-tu1.jpg,../img/l3a-tu2.jpg,../img/l3a-tu3.jpg,../img/l3a-tu4.jpg,,,../img/l3b-tu1.jpg,../img/l3b-tu2.jpg,../img/l3b-tu3.jpg,../img/l3b-tu4.jpg,../img/l3b-tu5.jpg,,../img/d3b-tu1.jpg,../img/d3b-tu2.jpg,../img/d3b-tu3.jpg,../img/d3b-tu4.jpg,../img/d3b-tu5.jpg,../img/d3b-tu6.jpg,../img/d3s-tu1.jpg,../img/d3s-tu2.jpg,../img/d3s-tu3.jpg,../img/d3s-tu4.jpg,../img/d3s-tu5.jpg,../img/d3s-tu6.jpg
12,12,5388.00 ,0,"Apple iPhone XR 128G 珊瑚色 移动联通电信4G手机

“哪一面都是亮点”iPhone XR配备6.3",国美Apple产品专营点,../img/l4a-tu1.jpg,../img/l4a-tu2.jpg,../img/l4a-tu3.jpg,../img/l4a-tu4.jpg,../img/l4a-tu5.jpg,../img/l4a-tu6.jpg,../img/l4b-tu1.jpg,../img/l4b-tu2.jpg,../img/l4b-tu3.jpg,../img/l4b-tu4.jpg,../img/l4b-tu5.jpg,../img/l4b-tu6.jpg,../img/d4b-tu1.jpg,../img/d4b-tu2.jpg,../img/d4b-tu3.jpg,../img/d4b-tu4.jpg,../img/d4b-tu5.jpg,,../img/d4s-tu1.jpg,../img/d4s-tu2.jpg,../img/d4s-tu3.jpg,../img/d4s-tu4.jpg,../img/d4s-tu5.jpg,
13,13,8788.00 ,0,"Apple iPhone XS Max 256G 银色 移动联通电信4G手机

iPhone XS Max配备6.8英寸显示屏，",国美Apple产品专营店,../img/l1a-tu1.jpg,../img/l1a-tu2.jpg,../img/l1a-tu3.jpg,../img/l1a-tu4.jpg,../img/l1a-tu5.jpg,,../imgl1b-tu1.jpg,../imgl1b-tu2.jpg,../imgl1b-tu3.jpg,../imgl1b-tu4.jpg,../imgl1b-tu5.jpg,,../img/d1b-tu1.jpg,../img/d1b-tu2.jpg,../img/d1b-tu3.jpg,../img/d1b-tu4.jpg,../img/d1b-tu5.jpg,,../img/d1s-tu1.jpg,../img/d1s-tu2.jpg,..img/d1s-tu3.jpg,../img/d1s-tu4.jpg,../img/d1s-tu5.jpg,
14,14,1899.00 ,0,"荣耀（honor）荣耀8X (JSN-AL00)全网通6GB+128GB梦幻紫

拥有94%屏占比，破界无边的开阔视",自营荣耀官方旗舰店,../img/l2a-tu1.jpg,../img/l2a-tu2.jpg,../img/l2a-tu3.jpg,../img/l2a-tu4.jpg,../img/l2a-tu5.jpg,,../img/l2b-tu1.jpg,../img/l2b-tu2.jpg,../img/l2b-tu3.jpg,../img/l2b-tu4.jpg,../img/l2b-tu5.jpg,,../img/d2b-tu1.jpg,../img/d2b-tu2.jpg,../img/d2b-tu3.jpg,../img/d2b-tu4.jpg,../img/d2b-tu5.jpg,,../img/d2s-tu1.jpg,../img/d2s-tu2.jpg,../img/d2s-tu3.jpg,../img/d2s-tu4.jpg,../img/d2s-tu5.jpg,
15,15,1299.00 ,0,"荣耀（honor）荣耀10青春版 标配版 4GB+64GB 全网通版 幻夜黑

幻彩渐变，2400万AI自拍，6.21英寸12",自营荣耀官方旗舰店,../img/l3a-tu1.jpg,../img/l3a-tu2.jpg,../img/l3a-tu3.jpg,../img/l3a-tu4.jpg,,,../img/l3b-tu1.jpg,../img/l3b-tu2.jpg,../img/l3b-tu3.jpg,../img/l3b-tu4.jpg,../img/l3b-tu5.jpg,,../img/d3b-tu1.jpg,../img/d3b-tu2.jpg,../img/d3b-tu3.jpg,../img/d3b-tu4.jpg,../img/d3b-tu5.jpg,../img/d3b-tu6.jpg,../img/d3s-tu1.jpg,../img/d3s-tu2.jpg,../img/d3s-tu3.jpg,../img/d3s-tu4.jpg,../img/d3s-tu5.jpg,../img/d3s-tu6.jpg
16,16,5388.00 ,0,"Apple iPhone XR 128G 珊瑚色 移动联通电信4G手机

“哪一面都是亮点”iPhone XR配备6.4",国美Apple产品专营点,../img/l4a-tu1.jpg,../img/l4a-tu2.jpg,../img/l4a-tu3.jpg,../img/l4a-tu4.jpg,../img/l4a-tu5.jpg,../img/l4a-tu6.jpg,../img/l4b-tu1.jpg,../img/l4b-tu2.jpg,../img/l4b-tu3.jpg,../img/l4b-tu4.jpg,../img/l4b-tu5.jpg,../img/l4b-tu6.jpg,../img/d4b-tu1.jpg,../img/d4b-tu2.jpg,../img/d4b-tu3.jpg,../img/d4b-tu4.jpg,../img/d4b-tu5.jpg,,../img/d4s-tu1.jpg,../img/d4s-tu2.jpg,../img/d4s-tu3.jpg,../img/d4s-tu4.jpg,../img/d4s-tu5.jpg,
17,17,8788.00 ,0,"Apple iPhone XS Max 256G 银色 移动联通电信4G手机

iPhone XS Max配备6.9英寸显示屏，",国美Apple产品专营店,../img/l1a-tu1.jpg,../img/l1a-tu2.jpg,../img/l1a-tu3.jpg,../img/l1a-tu4.jpg,../img/l1a-tu5.jpg,,../imgl1b-tu1.jpg,../imgl1b-tu2.jpg,../imgl1b-tu3.jpg,../imgl1b-tu4.jpg,../imgl1b-tu5.jpg,,../img/d1b-tu1.jpg,../img/d1b-tu2.jpg,../img/d1b-tu3.jpg,../img/d1b-tu4.jpg,../img/d1b-tu5.jpg,,../img/d1s-tu1.jpg,../img/d1s-tu2.jpg,..img/d1s-tu3.jpg,../img/d1s-tu4.jpg,../img/d1s-tu5.jpg,
18,18,1899.00 ,0,"荣耀（honor）荣耀8X (JSN-AL00)全网通6GB+128GB梦幻紫

拥有95%屏占比，破界无边的开阔视",自营荣耀官方旗舰店,../img/l2a-tu1.jpg,../img/l2a-tu2.jpg,../img/l2a-tu3.jpg,../img/l2a-tu4.jpg,../img/l2a-tu5.jpg,,../img/l2b-tu1.jpg,../img/l2b-tu2.jpg,../img/l2b-tu3.jpg,../img/l2b-tu4.jpg,../img/l2b-tu5.jpg,,../img/d2b-tu1.jpg,../img/d2b-tu2.jpg,../img/d2b-tu3.jpg,../img/d2b-tu4.jpg,../img/d2b-tu5.jpg,,../img/d2s-tu1.jpg,../img/d2s-tu2.jpg,../img/d2s-tu3.jpg,../img/d2s-tu4.jpg,../img/d2s-tu5.jpg,
19,19,1299.00 ,0,"荣耀（honor）荣耀10青春版 标配版 4GB+64GB 全网通版 幻夜黑

幻彩渐变，2400万AI自拍，6.21英寸13",自营荣耀官方旗舰店,../img/l3a-tu1.jpg,../img/l3a-tu2.jpg,../img/l3a-tu3.jpg,../img/l3a-tu4.jpg,,,../img/l3b-tu1.jpg,../img/l3b-tu2.jpg,../img/l3b-tu3.jpg,../img/l3b-tu4.jpg,../img/l3b-tu5.jpg,,../img/d3b-tu1.jpg,../img/d3b-tu2.jpg,../img/d3b-tu3.jpg,../img/d3b-tu4.jpg,../img/d3b-tu5.jpg,../img/d3b-tu6.jpg,../img/d3s-tu1.jpg,../img/d3s-tu2.jpg,../img/d3s-tu3.jpg,../img/d3s-tu4.jpg,../img/d3s-tu5.jpg,../img/d3s-tu6.jpg
20,20,5388.00 ,0,"Apple iPhone XR 128G 珊瑚色 移动联通电信4G手机

“哪一面都是亮点”iPhone XR配备6.5",国美Apple产品专营点,../img/l4a-tu1.jpg,../img/l4a-tu2.jpg,../img/l4a-tu3.jpg,../img/l4a-tu4.jpg,../img/l4a-tu5.jpg,../img/l4a-tu6.jpg,../img/l4b-tu1.jpg,../img/l4b-tu2.jpg,../img/l4b-tu3.jpg,../img/l4b-tu4.jpg,../img/l4b-tu5.jpg,../img/l4b-tu6.jpg,../img/d4b-tu1.jpg,../img/d4b-tu2.jpg,../img/d4b-tu3.jpg,../img/d4b-tu4.jpg,../img/d4b-tu5.jpg,,../img/d4s-tu1.jpg,../img/d4s-tu2.jpg,../img/d4s-tu3.jpg,../img/d4s-tu4.jpg,../img/d4s-tu5.jpg,
21,21,8788.00 ,0,"Apple iPhone XS Max 256G 银色 移动联通电信4G手机

iPhone XS Max配备6.10英寸显示屏，",国美Apple产品专营店,../img/l1a-tu1.jpg,../img/l1a-tu2.jpg,../img/l1a-tu3.jpg,../img/l1a-tu4.jpg,../img/l1a-tu5.jpg,,../imgl1b-tu1.jpg,../imgl1b-tu2.jpg,../imgl1b-tu3.jpg,../imgl1b-tu4.jpg,../imgl1b-tu5.jpg,,../img/d1b-tu1.jpg,../img/d1b-tu2.jpg,../img/d1b-tu3.jpg,../img/d1b-tu4.jpg,../img/d1b-tu5.jpg,,../img/d1s-tu1.jpg,../img/d1s-tu2.jpg,..img/d1s-tu3.jpg,../img/d1s-tu4.jpg,../img/d1s-tu5.jpg,
22,22,1899.00 ,0,"荣耀（honor）荣耀8X (JSN-AL00)全网通6GB+128GB梦幻紫

拥有96%屏占比，破界无边的开阔视",自营荣耀官方旗舰店,../img/l2a-tu1.jpg,../img/l2a-tu2.jpg,../img/l2a-tu3.jpg,../img/l2a-tu4.jpg,../img/l2a-tu5.jpg,,../img/l2b-tu1.jpg,../img/l2b-tu2.jpg,../img/l2b-tu3.jpg,../img/l2b-tu4.jpg,../img/l2b-tu5.jpg,,../img/d2b-tu1.jpg,../img/d2b-tu2.jpg,../img/d2b-tu3.jpg,../img/d2b-tu4.jpg,../img/d2b-tu5.jpg,,../img/d2s-tu1.jpg,../img/d2s-tu2.jpg,../img/d2s-tu3.jpg,../img/d2s-tu4.jpg,../img/d2s-tu5.jpg,
23,23,1299.00 ,0,"荣耀（honor）荣耀10青春版 标配版 4GB+64GB 全网通版 幻夜黑

幻彩渐变，2400万AI自拍，6.21英寸14",自营荣耀官方旗舰店,../img/l3a-tu1.jpg,../img/l3a-tu2.jpg,../img/l3a-tu3.jpg,../img/l3a-tu4.jpg,,,../img/l3b-tu1.jpg,../img/l3b-tu2.jpg,../img/l3b-tu3.jpg,../img/l3b-tu4.jpg,../img/l3b-tu5.jpg,,../img/d3b-tu1.jpg,../img/d3b-tu2.jpg,../img/d3b-tu3.jpg,../img/d3b-tu4.jpg,../img/d3b-tu5.jpg,../img/d3b-tu6.jpg,../img/d3s-tu1.jpg,../img/d3s-tu2.jpg,../img/d3s-tu3.jpg,../img/d3s-tu4.jpg,../img/d3s-tu5.jpg,../img/d3s-tu6.jpg
24,24,5388.00 ,0,"Apple iPhone XR 128G 珊瑚色 移动联通电信4G手机

“哪一面都是亮点”iPhone XR配备6.6",国美Apple产品专营点,../img/l4a-tu1.jpg,../img/l4a-tu2.jpg,../img/l4a-tu3.jpg,../img/l4a-tu4.jpg,../img/l4a-tu5.jpg,../img/l4a-tu6.jpg,../img/l4b-tu1.jpg,../img/l4b-tu2.jpg,../img/l4b-tu3.jpg,../img/l4b-tu4.jpg,../img/l4b-tu5.jpg,../img/l4b-tu6.jpg,../img/d4b-tu1.jpg,../img/d4b-tu2.jpg,../img/d4b-tu3.jpg,../img/d4b-tu4.jpg,../img/d4b-tu5.jpg,,../img/d4s-tu1.jpg,../img/d4s-tu2.jpg,../img/d4s-tu3.jpg,../img/d4s-tu4.jpg,../img/d4s-tu5.jpg,
25,25,8788.00 ,0,"Apple iPhone XS Max 256G 银色 移动联通电信4G手机

iPhone XS Max配备6.11英寸显示屏，",国美Apple产品专营店,../img/l1a-tu1.jpg,../img/l1a-tu2.jpg,../img/l1a-tu3.jpg,../img/l1a-tu4.jpg,../img/l1a-tu5.jpg,,../imgl1b-tu1.jpg,../imgl1b-tu2.jpg,../imgl1b-tu3.jpg,../imgl1b-tu4.jpg,../imgl1b-tu5.jpg,,../img/d1b-tu1.jpg,../img/d1b-tu2.jpg,../img/d1b-tu3.jpg,../img/d1b-tu4.jpg,../img/d1b-tu5.jpg,,../img/d1s-tu1.jpg,../img/d1s-tu2.jpg,..img/d1s-tu3.jpg,../img/d1s-tu4.jpg,../img/d1s-tu5.jpg,
26,26,1899.00 ,0,"荣耀（honor）荣耀8X (JSN-AL00)全网通6GB+128GB梦幻紫

拥有97%屏占比，破界无边的开阔视",自营荣耀官方旗舰店,../img/l2a-tu1.jpg,../img/l2a-tu2.jpg,../img/l2a-tu3.jpg,../img/l2a-tu4.jpg,../img/l2a-tu5.jpg,,../img/l2b-tu1.jpg,../img/l2b-tu2.jpg,../img/l2b-tu3.jpg,../img/l2b-tu4.jpg,../img/l2b-tu5.jpg,,../img/d2b-tu1.jpg,../img/d2b-tu2.jpg,../img/d2b-tu3.jpg,../img/d2b-tu4.jpg,../img/d2b-tu5.jpg,,../img/d2s-tu1.jpg,../img/d2s-tu2.jpg,../img/d2s-tu3.jpg,../img/d2s-tu4.jpg,../img/d2s-tu5.jpg,
27,27,1299.00 ,0,"荣耀（honor）荣耀10青春版 标配版 4GB+64GB 全网通版 幻夜黑

幻彩渐变，2400万AI自拍，6.21英寸15",自营荣耀官方旗舰店,../img/l3a-tu1.jpg,../img/l3a-tu2.jpg,../img/l3a-tu3.jpg,../img/l3a-tu4.jpg,,,../img/l3b-tu1.jpg,../img/l3b-tu2.jpg,../img/l3b-tu3.jpg,../img/l3b-tu4.jpg,../img/l3b-tu5.jpg,,../img/d3b-tu1.jpg,../img/d3b-tu2.jpg,../img/d3b-tu3.jpg,../img/d3b-tu4.jpg,../img/d3b-tu5.jpg,../img/d3b-tu6.jpg,../img/d3s-tu1.jpg,../img/d3s-tu2.jpg,../img/d3s-tu3.jpg,../img/d3s-tu4.jpg,../img/d3s-tu5.jpg,../img/d3s-tu6.jpg
28,28,5388.00 ,0,"Apple iPhone XR 128G 珊瑚色 移动联通电信4G手机

“哪一面都是亮点”iPhone XR配备6.7",国美Apple产品专营点,../img/l4a-tu1.jpg,../img/l4a-tu2.jpg,../img/l4a-tu3.jpg,../img/l4a-tu4.jpg,../img/l4a-tu5.jpg,../img/l4a-tu6.jpg,../img/l4b-tu1.jpg,../img/l4b-tu2.jpg,../img/l4b-tu3.jpg,../img/l4b-tu4.jpg,../img/l4b-tu5.jpg,../img/l4b-tu6.jpg,../img/d4b-tu1.jpg,../img/d4b-tu2.jpg,../img/d4b-tu3.jpg,../img/d4b-tu4.jpg,../img/d4b-tu5.jpg,,../img/d4s-tu1.jpg,../img/d4s-tu2.jpg,../img/d4s-tu3.jpg,../img/d4s-tu4.jpg,../img/d4s-tu5.jpg,
29,29,8788.00 ,0,"Apple iPhone XS Max 256G 银色 移动联通电信4G手机

iPhone XS Max配备6.12英寸显示屏，",国美Apple产品专营店,../img/l1a-tu1.jpg,../img/l1a-tu2.jpg,../img/l1a-tu3.jpg,../img/l1a-tu4.jpg,../img/l1a-tu5.jpg,,../imgl1b-tu1.jpg,../imgl1b-tu2.jpg,../imgl1b-tu3.jpg,../imgl1b-tu4.jpg,../imgl1b-tu5.jpg,,../img/d1b-tu1.jpg,../img/d1b-tu2.jpg,../img/d1b-tu3.jpg,../img/d1b-tu4.jpg,../img/d1b-tu5.jpg,,../img/d1s-tu1.jpg,../img/d1s-tu2.jpg,..img/d1s-tu3.jpg,../img/d1s-tu4.jpg,../img/d1s-tu5.jpg,
30,30,1899.00 ,0,"荣耀（honor）荣耀8X (JSN-AL00)全网通6GB+128GB梦幻紫

拥有98%屏占比，破界无边的开阔视",自营荣耀官方旗舰店,../img/l2a-tu1.jpg,../img/l2a-tu2.jpg,../img/l2a-tu3.jpg,../img/l2a-tu4.jpg,../img/l2a-tu5.jpg,,../img/l2b-tu1.jpg,../img/l2b-tu2.jpg,../img/l2b-tu3.jpg,../img/l2b-tu4.jpg,../img/l2b-tu5.jpg,,../img/d2b-tu1.jpg,../img/d2b-tu2.jpg,../img/d2b-tu3.jpg,../img/d2b-tu4.jpg,../img/d2b-tu5.jpg,,../img/d2s-tu1.jpg,../img/d2s-tu2.jpg,../img/d2s-tu3.jpg,../img/d2s-tu4.jpg,../img/d2s-tu5.jpg,
31,31,1299.00 ,0,"荣耀（honor）荣耀10青春版 标配版 4GB+64GB 全网通版 幻夜黑

幻彩渐变，2400万AI自拍，6.21英寸16",自营荣耀官方旗舰店,../img/l3a-tu1.jpg,../img/l3a-tu2.jpg,../img/l3a-tu3.jpg,../img/l3a-tu4.jpg,,,../img/l3b-tu1.jpg,../img/l3b-tu2.jpg,../img/l3b-tu3.jpg,../img/l3b-tu4.jpg,../img/l3b-tu5.jpg,,../img/d3b-tu1.jpg,../img/d3b-tu2.jpg,../img/d3b-tu3.jpg,../img/d3b-tu4.jpg,../img/d3b-tu5.jpg,../img/d3b-tu6.jpg,../img/d3s-tu1.jpg,../img/d3s-tu2.jpg,../img/d3s-tu3.jpg,../img/d3s-tu4.jpg,../img/d3s-tu5.jpg,../img/d3s-tu6.jpg
32,32,5388.00 ,0,"Apple iPhone XR 128G 珊瑚色 移动联通电信4G手机

“哪一面都是亮点”iPhone XR配备6.8",国美Apple产品专营点,../img/l4a-tu1.jpg,../img/l4a-tu2.jpg,../img/l4a-tu3.jpg,../img/l4a-tu4.jpg,../img/l4a-tu5.jpg,../img/l4a-tu6.jpg,../img/l4b-tu1.jpg,../img/l4b-tu2.jpg,../img/l4b-tu3.jpg,../img/l4b-tu4.jpg,../img/l4b-tu5.jpg,../img/l4b-tu6.jpg,../img/d4b-tu1.jpg,../img/d4b-tu2.jpg,../img/d4b-tu3.jpg,../img/d4b-tu4.jpg,../img/d4b-tu5.jpg,,../img/d4s-tu1.jpg,../img/d4s-tu2.jpg,../img/d4s-tu3.jpg,../img/d4s-tu4.jpg,../img/d4s-tu5.jpg,
33,33,8788.00 ,0,"Apple iPhone XS Max 256G 银色 移动联通电信4G手机

iPhone XS Max配备6.13英寸显示屏，",国美Apple产品专营店,../img/l1a-tu1.jpg,../img/l1a-tu2.jpg,../img/l1a-tu3.jpg,../img/l1a-tu4.jpg,../img/l1a-tu5.jpg,,../imgl1b-tu1.jpg,../imgl1b-tu2.jpg,../imgl1b-tu3.jpg,../imgl1b-tu4.jpg,../imgl1b-tu5.jpg,,../img/d1b-tu1.jpg,../img/d1b-tu2.jpg,../img/d1b-tu3.jpg,../img/d1b-tu4.jpg,../img/d1b-tu5.jpg,,../img/d1s-tu1.jpg,../img/d1s-tu2.jpg,..img/d1s-tu3.jpg,../img/d1s-tu4.jpg,../img/d1s-tu5.jpg,
34,34,1899.00 ,0,"荣耀（honor）荣耀8X (JSN-AL00)全网通6GB+128GB梦幻紫

拥有99%屏占比，破界无边的开阔视",自营荣耀官方旗舰店,../img/l2a-tu1.jpg,../img/l2a-tu2.jpg,../img/l2a-tu3.jpg,../img/l2a-tu4.jpg,../img/l2a-tu5.jpg,,../img/l2b-tu1.jpg,../img/l2b-tu2.jpg,../img/l2b-tu3.jpg,../img/l2b-tu4.jpg,../img/l2b-tu5.jpg,,../img/d2b-tu1.jpg,../img/d2b-tu2.jpg,../img/d2b-tu3.jpg,../img/d2b-tu4.jpg,../img/d2b-tu5.jpg,,../img/d2s-tu1.jpg,../img/d2s-tu2.jpg,../img/d2s-tu3.jpg,../img/d2s-tu4.jpg,../img/d2s-tu5.jpg,
35,35,1299.00 ,0,"荣耀（honor）荣耀10青春版 标配版 4GB+64GB 全网通版 幻夜黑

幻彩渐变，2400万AI自拍，6.21英寸17",自营荣耀官方旗舰店,../img/l3a-tu1.jpg,../img/l3a-tu2.jpg,../img/l3a-tu3.jpg,../img/l3a-tu4.jpg,,,../img/l3b-tu1.jpg,../img/l3b-tu2.jpg,../img/l3b-tu3.jpg,../img/l3b-tu4.jpg,../img/l3b-tu5.jpg,,../img/d3b-tu1.jpg,../img/d3b-tu2.jpg,../img/d3b-tu3.jpg,../img/d3b-tu4.jpg,../img/d3b-tu5.jpg,../img/d3b-tu6.jpg,../img/d3s-tu1.jpg,../img/d3s-tu2.jpg,../img/d3s-tu3.jpg,../img/d3s-tu4.jpg,../img/d3s-tu5.jpg,../img/d3s-tu6.jpg
36,36,5388.00 ,0,"Apple iPhone XR 128G 珊瑚色 移动联通电信4G手机

“哪一面都是亮点”iPhone XR配备6.9",国美Apple产品专营点,../img/l4a-tu1.jpg,../img/l4a-tu2.jpg,../img/l4a-tu3.jpg,../img/l4a-tu4.jpg,../img/l4a-tu5.jpg,../img/l4a-tu6.jpg,../img/l4b-tu1.jpg,../img/l4b-tu2.jpg,../img/l4b-tu3.jpg,../img/l4b-tu4.jpg,../img/l4b-tu5.jpg,../img/l4b-tu6.jpg,../img/d4b-tu1.jpg,../img/d4b-tu2.jpg,../img/d4b-tu3.jpg,../img/d4b-tu4.jpg,../img/d4b-tu5.jpg,,../img/d4s-tu1.jpg,../img/d4s-tu2.jpg,../img/d4s-tu3.jpg,../img/d4s-tu4.jpg,../img/d4s-tu5.jpg,
37,37,8788.00 ,0,"Apple iPhone XS Max 256G 银色 移动联通电信4G手机

iPhone XS Max配备6.14英寸显示屏，",国美Apple产品专营店,../img/l1a-tu1.jpg,../img/l1a-tu2.jpg,../img/l1a-tu3.jpg,../img/l1a-tu4.jpg,../img/l1a-tu5.jpg,,../imgl1b-tu1.jpg,../imgl1b-tu2.jpg,../imgl1b-tu3.jpg,../imgl1b-tu4.jpg,../imgl1b-tu5.jpg,,../img/d1b-tu1.jpg,../img/d1b-tu2.jpg,../img/d1b-tu3.jpg,../img/d1b-tu4.jpg,../img/d1b-tu5.jpg,,../img/d1s-tu1.jpg,../img/d1s-tu2.jpg,..img/d1s-tu3.jpg,../img/d1s-tu4.jpg,../img/d1s-tu5.jpg,
38,38,1899.00 ,0,"荣耀（honor）荣耀8X (JSN-AL00)全网通6GB+128GB梦幻紫

拥有100%屏占比，破界无边的开阔视",自营荣耀官方旗舰店,../img/l2a-tu1.jpg,../img/l2a-tu2.jpg,../img/l2a-tu3.jpg,../img/l2a-tu4.jpg,../img/l2a-tu5.jpg,,../img/l2b-tu1.jpg,../img/l2b-tu2.jpg,../img/l2b-tu3.jpg,../img/l2b-tu4.jpg,../img/l2b-tu5.jpg,,../img/d2b-tu1.jpg,../img/d2b-tu2.jpg,../img/d2b-tu3.jpg,../img/d2b-tu4.jpg,../img/d2b-tu5.jpg,,../img/d2s-tu1.jpg,../img/d2s-tu2.jpg,../img/d2s-tu3.jpg,../img/d2s-tu4.jpg,../img/d2s-tu5.jpg,
39,39,1299.00 ,0,"荣耀（honor）荣耀10青春版 标配版 4GB+64GB 全网通版 幻夜黑

幻彩渐变，2400万AI自拍，6.21英寸18",自营荣耀官方旗舰店,../img/l3a-tu1.jpg,../img/l3a-tu2.jpg,../img/l3a-tu3.jpg,../img/l3a-tu4.jpg,,,../img/l3b-tu1.jpg,../img/l3b-tu2.jpg,../img/l3b-tu3.jpg,../img/l3b-tu4.jpg,../img/l3b-tu5.jpg,,../img/d3b-tu1.jpg,../img/d3b-tu2.jpg,../img/d3b-tu3.jpg,../img/d3b-tu4.jpg,../img/d3b-tu5.jpg,../img/d3b-tu6.jpg,../img/d3s-tu1.jpg,../img/d3s-tu2.jpg,../img/d3s-tu3.jpg,../img/d3s-tu4.jpg,../img/d3s-tu5.jpg,../img/d3s-tu6.jpg
40,40,5388.00 ,0,"Apple iPhone XR 128G 珊瑚色 移动联通电信4G手机

“哪一面都是亮点”iPhone XR配备6.10",国美Apple产品专营点,../img/l4a-tu1.jpg,../img/l4a-tu2.jpg,../img/l4a-tu3.jpg,../img/l4a-tu4.jpg,../img/l4a-tu5.jpg,../img/l4a-tu6.jpg,../img/l4b-tu1.jpg,../img/l4b-tu2.jpg,../img/l4b-tu3.jpg,../img/l4b-tu4.jpg,../img/l4b-tu5.jpg,../img/l4b-tu6.jpg,../img/d4b-tu1.jpg,../img/d4b-tu2.jpg,../img/d4b-tu3.jpg,../img/d4b-tu4.jpg,../img/d4b-tu5.jpg,,../img/d4s-tu1.jpg,../img/d4s-tu2.jpg,../img/d4s-tu3.jpg,../img/d4s-tu4.jpg,../img/d4s-tu5.jpg,
41,41,8788.00 ,0,"Apple iPhone XS Max 256G 银色 移动联通电信4G手机

iPhone XS Max配备6.15英寸显示屏，",国美Apple产品专营店,../img/l1a-tu1.jpg,../img/l1a-tu2.jpg,../img/l1a-tu3.jpg,../img/l1a-tu4.jpg,../img/l1a-tu5.jpg,,../imgl1b-tu1.jpg,../imgl1b-tu2.jpg,../imgl1b-tu3.jpg,../imgl1b-tu4.jpg,../imgl1b-tu5.jpg,,../img/d1b-tu1.jpg,../img/d1b-tu2.jpg,../img/d1b-tu3.jpg,../img/d1b-tu4.jpg,../img/d1b-tu5.jpg,,../img/d1s-tu1.jpg,../img/d1s-tu2.jpg,..img/d1s-tu3.jpg,../img/d1s-tu4.jpg,../img/d1s-tu5.jpg,
42,42,1899.00 ,0,"荣耀（honor）荣耀8X (JSN-AL00)全网通6GB+128GB梦幻紫

拥有101%屏占比，破界无边的开阔视",自营荣耀官方旗舰店,../img/l2a-tu1.jpg,../img/l2a-tu2.jpg,../img/l2a-tu3.jpg,../img/l2a-tu4.jpg,../img/l2a-tu5.jpg,,../img/l2b-tu1.jpg,../img/l2b-tu2.jpg,../img/l2b-tu3.jpg,../img/l2b-tu4.jpg,../img/l2b-tu5.jpg,,../img/d2b-tu1.jpg,../img/d2b-tu2.jpg,../img/d2b-tu3.jpg,../img/d2b-tu4.jpg,../img/d2b-tu5.jpg,,../img/d2s-tu1.jpg,../img/d2s-tu2.jpg,../img/d2s-tu3.jpg,../img/d2s-tu4.jpg,../img/d2s-tu5.jpg,
43,43,1299.00 ,0,"荣耀（honor）荣耀10青春版 标配版 4GB+64GB 全网通版 幻夜黑

幻彩渐变，2400万AI自拍，6.21英寸19",自营荣耀官方旗舰店,../img/l3a-tu1.jpg,../img/l3a-tu2.jpg,../img/l3a-tu3.jpg,../img/l3a-tu4.jpg,,,../img/l3b-tu1.jpg,../img/l3b-tu2.jpg,../img/l3b-tu3.jpg,../img/l3b-tu4.jpg,../img/l3b-tu5.jpg,,../img/d3b-tu1.jpg,../img/d3b-tu2.jpg,../img/d3b-tu3.jpg,../img/d3b-tu4.jpg,../img/d3b-tu5.jpg,../img/d3b-tu6.jpg,../img/d3s-tu1.jpg,../img/d3s-tu2.jpg,../img/d3s-tu3.jpg,../img/d3s-tu4.jpg,../img/d3s-tu5.jpg,../img/d3s-tu6.jpg
44,44,5388.00 ,0,"Apple iPhone XR 128G 珊瑚色 移动联通电信4G手机

“哪一面都是亮点”iPhone XR配备6.11",国美Apple产品专营点,../img/l4a-tu1.jpg,../img/l4a-tu2.jpg,../img/l4a-tu3.jpg,../img/l4a-tu4.jpg,../img/l4a-tu5.jpg,../img/l4a-tu6.jpg,../img/l4b-tu1.jpg,../img/l4b-tu2.jpg,../img/l4b-tu3.jpg,../img/l4b-tu4.jpg,../img/l4b-tu5.jpg,../img/l4b-tu6.jpg,../img/d4b-tu1.jpg,../img/d4b-tu2.jpg,../img/d4b-tu3.jpg,../img/d4b-tu4.jpg,../img/d4b-tu5.jpg,,../img/d4s-tu1.jpg,../img/d4s-tu2.jpg,../img/d4s-tu3.jpg,../img/d4s-tu4.jpg,../img/d4s-tu5.jpg,
45,45,8788.00 ,0,"Apple iPhone XS Max 256G 银色 移动联通电信4G手机

iPhone XS Max配备6.16英寸显示屏，",国美Apple产品专营店,../img/l1a-tu1.jpg,../img/l1a-tu2.jpg,../img/l1a-tu3.jpg,../img/l1a-tu4.jpg,../img/l1a-tu5.jpg,,../imgl1b-tu1.jpg,../imgl1b-tu2.jpg,../imgl1b-tu3.jpg,../imgl1b-tu4.jpg,../imgl1b-tu5.jpg,,../img/d1b-tu1.jpg,../img/d1b-tu2.jpg,../img/d1b-tu3.jpg,../img/d1b-tu4.jpg,../img/d1b-tu5.jpg,,../img/d1s-tu1.jpg,../img/d1s-tu2.jpg,..img/d1s-tu3.jpg,../img/d1s-tu4.jpg,../img/d1s-tu5.jpg,
46,46,1899.00 ,0,"荣耀（honor）荣耀8X (JSN-AL00)全网通6GB+128GB梦幻紫

拥有102%屏占比，破界无边的开阔视",自营荣耀官方旗舰店,../img/l2a-tu1.jpg,../img/l2a-tu2.jpg,../img/l2a-tu3.jpg,../img/l2a-tu4.jpg,../img/l2a-tu5.jpg,,../img/l2b-tu1.jpg,../img/l2b-tu2.jpg,../img/l2b-tu3.jpg,../img/l2b-tu4.jpg,../img/l2b-tu5.jpg,,../img/d2b-tu1.jpg,../img/d2b-tu2.jpg,../img/d2b-tu3.jpg,../img/d2b-tu4.jpg,../img/d2b-tu5.jpg,,../img/d2s-tu1.jpg,../img/d2s-tu2.jpg,../img/d2s-tu3.jpg,../img/d2s-tu4.jpg,../img/d2s-tu5.jpg,
47,47,1299.00 ,0,"荣耀（honor）荣耀10青春版 标配版 4GB+64GB 全网通版 幻夜黑

幻彩渐变，2400万AI自拍，6.21英寸20",自营荣耀官方旗舰店,../img/l3a-tu1.jpg,../img/l3a-tu2.jpg,../img/l3a-tu3.jpg,../img/l3a-tu4.jpg,,,../img/l3b-tu1.jpg,../img/l3b-tu2.jpg,../img/l3b-tu3.jpg,../img/l3b-tu4.jpg,../img/l3b-tu5.jpg,,../img/d3b-tu1.jpg,../img/d3b-tu2.jpg,../img/d3b-tu3.jpg,../img/d3b-tu4.jpg,../img/d3b-tu5.jpg,../img/d3b-tu6.jpg,../img/d3s-tu1.jpg,../img/d3s-tu2.jpg,../img/d3s-tu3.jpg,../img/d3s-tu4.jpg,../img/d3s-tu5.jpg,../img/d3s-tu6.jpg
48,48,5388.00 ,0,"Apple iPhone XR 128G 珊瑚色 移动联通电信4G手机

“哪一面都是亮点”iPhone XR配备6.12",国美Apple产品专营点,../img/l4a-tu1.jpg,../img/l4a-tu2.jpg,../img/l4a-tu3.jpg,../img/l4a-tu4.jpg,../img/l4a-tu5.jpg,../img/l4a-tu6.jpg,../img/l4b-tu1.jpg,../img/l4b-tu2.jpg,../img/l4b-tu3.jpg,../img/l4b-tu4.jpg,../img/l4b-tu5.jpg,../img/l4b-tu6.jpg,../img/d4b-tu1.jpg,../img/d4b-tu2.jpg,../img/d4b-tu3.jpg,../img/d4b-tu4.jpg,../img/d4b-tu5.jpg,,../img/d4s-tu1.jpg,../img/d4s-tu2.jpg,../img/d4s-tu3.jpg,../img/d4s-tu4.jpg,../img/d4s-tu5.jpg,
49,49,8788.00 ,0,"Apple iPhone XS Max 256G 银色 移动联通电信4G手机

iPhone XS Max配备6.17英寸显示屏，",国美Apple产品专营店,../img/l1a-tu1.jpg,../img/l1a-tu2.jpg,../img/l1a-tu3.jpg,../img/l1a-tu4.jpg,../img/l1a-tu5.jpg,,../imgl1b-tu1.jpg,../imgl1b-tu2.jpg,../imgl1b-tu3.jpg,../imgl1b-tu4.jpg,../imgl1b-tu5.jpg,,../img/d1b-tu1.jpg,../img/d1b-tu2.jpg,../img/d1b-tu3.jpg,../img/d1b-tu4.jpg,../img/d1b-tu5.jpg,,../img/d1s-tu1.jpg,../img/d1s-tu2.jpg,..img/d1s-tu3.jpg,../img/d1s-tu4.jpg,../img/d1s-tu5.jpg,
50,50,1899.00 ,0,"荣耀（honor）荣耀8X (JSN-AL00)全网通6GB+128GB梦幻紫

拥有103%屏占比，破界无边的开阔视",自营荣耀官方旗舰店,../img/l2a-tu1.jpg,../img/l2a-tu2.jpg,../img/l2a-tu3.jpg,../img/l2a-tu4.jpg,../img/l2a-tu5.jpg,,../img/l2b-tu1.jpg,../img/l2b-tu2.jpg,../img/l2b-tu3.jpg,../img/l2b-tu4.jpg,../img/l2b-tu5.jpg,,../img/d2b-tu1.jpg,../img/d2b-tu2.jpg,../img/d2b-tu3.jpg,../img/d2b-tu4.jpg,../img/d2b-tu5.jpg,,../img/d2s-tu1.jpg,../img/d2s-tu2.jpg,../img/d2s-tu3.jpg,../img/d2s-tu4.jpg,../img/d2s-tu5.jpg,
51,51,1299.00 ,0,"荣耀（honor）荣耀10青春版 标配版 4GB+64GB 全网通版 幻夜黑

幻彩渐变，2400万AI自拍，6.21英寸21",自营荣耀官方旗舰店,../img/l3a-tu1.jpg,../img/l3a-tu2.jpg,../img/l3a-tu3.jpg,../img/l3a-tu4.jpg,,,../img/l3b-tu1.jpg,../img/l3b-tu2.jpg,../img/l3b-tu3.jpg,../img/l3b-tu4.jpg,../img/l3b-tu5.jpg,,../img/d3b-tu1.jpg,../img/d3b-tu2.jpg,../img/d3b-tu3.jpg,../img/d3b-tu4.jpg,../img/d3b-tu5.jpg,../img/d3b-tu6.jpg,../img/d3s-tu1.jpg,../img/d3s-tu2.jpg,../img/d3s-tu3.jpg,../img/d3s-tu4.jpg,../img/d3s-tu5.jpg,../img/d3s-tu6.jpg
52,52,5388.00 ,0,"Apple iPhone XR 128G 珊瑚色 移动联通电信4G手机

“哪一面都是亮点”iPhone XR配备6.13",国美Apple产品专营点,../img/l4a-tu1.jpg,../img/l4a-tu2.jpg,../img/l4a-tu3.jpg,../img/l4a-tu4.jpg,../img/l4a-tu5.jpg,../img/l4a-tu6.jpg,../img/l4b-tu1.jpg,../img/l4b-tu2.jpg,../img/l4b-tu3.jpg,../img/l4b-tu4.jpg,../img/l4b-tu5.jpg,../img/l4b-tu6.jpg,../img/d4b-tu1.jpg,../img/d4b-tu2.jpg,../img/d4b-tu3.jpg,../img/d4b-tu4.jpg,../img/d4b-tu5.jpg,,../img/d4s-tu1.jpg,../img/d4s-tu2.jpg,../img/d4s-tu3.jpg,../img/d4s-tu4.jpg,../img/d4s-tu5.jpg,
53,53,8788.00 ,0,"Apple iPhone XS Max 256G 银色 移动联通电信4G手机

iPhone XS Max配备6.18英寸显示屏，",国美Apple产品专营店,../img/l1a-tu1.jpg,../img/l1a-tu2.jpg,../img/l1a-tu3.jpg,../img/l1a-tu4.jpg,../img/l1a-tu5.jpg,,../imgl1b-tu1.jpg,../imgl1b-tu2.jpg,../imgl1b-tu3.jpg,../imgl1b-tu4.jpg,../imgl1b-tu5.jpg,,../img/d1b-tu1.jpg,../img/d1b-tu2.jpg,../img/d1b-tu3.jpg,../img/d1b-tu4.jpg,../img/d1b-tu5.jpg,,../img/d1s-tu1.jpg,../img/d1s-tu2.jpg,..img/d1s-tu3.jpg,../img/d1s-tu4.jpg,../img/d1s-tu5.jpg,
54,54,1899.00 ,0,"荣耀（honor）荣耀8X (JSN-AL00)全网通6GB+128GB梦幻紫

拥有104%屏占比，破界无边的开阔视",自营荣耀官方旗舰店,../img/l2a-tu1.jpg,../img/l2a-tu2.jpg,../img/l2a-tu3.jpg,../img/l2a-tu4.jpg,../img/l2a-tu5.jpg,,../img/l2b-tu1.jpg,../img/l2b-tu2.jpg,../img/l2b-tu3.jpg,../img/l2b-tu4.jpg,../img/l2b-tu5.jpg,,../img/d2b-tu1.jpg,../img/d2b-tu2.jpg,../img/d2b-tu3.jpg,../img/d2b-tu4.jpg,../img/d2b-tu5.jpg,,../img/d2s-tu1.jpg,../img/d2s-tu2.jpg,../img/d2s-tu3.jpg,../img/d2s-tu4.jpg,../img/d2s-tu5.jpg,
55,55,1299.00 ,0,"荣耀（honor）荣耀10青春版 标配版 4GB+64GB 全网通版 幻夜黑

幻彩渐变，2400万AI自拍，6.21英寸22",自营荣耀官方旗舰店,../img/l3a-tu1.jpg,../img/l3a-tu2.jpg,../img/l3a-tu3.jpg,../img/l3a-tu4.jpg,,,../img/l3b-tu1.jpg,../img/l3b-tu2.jpg,../img/l3b-tu3.jpg,../img/l3b-tu4.jpg,../img/l3b-tu5.jpg,,../img/d3b-tu1.jpg,../img/d3b-tu2.jpg,../img/d3b-tu3.jpg,../img/d3b-tu4.jpg,../img/d3b-tu5.jpg,../img/d3b-tu6.jpg,../img/d3s-tu1.jpg,../img/d3s-tu2.jpg,../img/d3s-tu3.jpg,../img/d3s-tu4.jpg,../img/d3s-tu5.jpg,../img/d3s-tu6.jpg
56,56,5388.00 ,0,"Apple iPhone XR 128G 珊瑚色 移动联通电信4G手机

“哪一面都是亮点”iPhone XR配备6.14",国美Apple产品专营点,../img/l4a-tu1.jpg,../img/l4a-tu2.jpg,../img/l4a-tu3.jpg,../img/l4a-tu4.jpg,../img/l4a-tu5.jpg,../img/l4a-tu6.jpg,../img/l4b-tu1.jpg,../img/l4b-tu2.jpg,../img/l4b-tu3.jpg,../img/l4b-tu4.jpg,../img/l4b-tu5.jpg,../img/l4b-tu6.jpg,../img/d4b-tu1.jpg,../img/d4b-tu2.jpg,../img/d4b-tu3.jpg,../img/d4b-tu4.jpg,../img/d4b-tu5.jpg,,../img/d4s-tu1.jpg,../img/d4s-tu2.jpg,../img/d4s-tu3.jpg,../img/d4s-tu4.jpg,../img/d4s-tu5.jpg,
57,57,8788.00 ,0,"Apple iPhone XS Max 256G 银色 移动联通电信4G手机

iPhone XS Max配备6.19英寸显示屏，",国美Apple产品专营店,../img/l1a-tu1.jpg,../img/l1a-tu2.jpg,../img/l1a-tu3.jpg,../img/l1a-tu4.jpg,../img/l1a-tu5.jpg,,../imgl1b-tu1.jpg,../imgl1b-tu2.jpg,../imgl1b-tu3.jpg,../imgl1b-tu4.jpg,../imgl1b-tu5.jpg,,../img/d1b-tu1.jpg,../img/d1b-tu2.jpg,../img/d1b-tu3.jpg,../img/d1b-tu4.jpg,../img/d1b-tu5.jpg,,../img/d1s-tu1.jpg,../img/d1s-tu2.jpg,..img/d1s-tu3.jpg,../img/d1s-tu4.jpg,../img/d1s-tu5.jpg,
58,58,1899.00 ,0,"荣耀（honor）荣耀8X (JSN-AL00)全网通6GB+128GB梦幻紫

拥有105%屏占比，破界无边的开阔视",自营荣耀官方旗舰店,../img/l2a-tu1.jpg,../img/l2a-tu2.jpg,../img/l2a-tu3.jpg,../img/l2a-tu4.jpg,../img/l2a-tu5.jpg,,../img/l2b-tu1.jpg,../img/l2b-tu2.jpg,../img/l2b-tu3.jpg,../img/l2b-tu4.jpg,../img/l2b-tu5.jpg,,../img/d2b-tu1.jpg,../img/d2b-tu2.jpg,../img/d2b-tu3.jpg,../img/d2b-tu4.jpg,../img/d2b-tu5.jpg,,../img/d2s-tu1.jpg,../img/d2s-tu2.jpg,../img/d2s-tu3.jpg,../img/d2s-tu4.jpg,../img/d2s-tu5.jpg,
59,59,1299.00 ,0,"荣耀（honor）荣耀10青春版 标配版 4GB+64GB 全网通版 幻夜黑

幻彩渐变，2400万AI自拍，6.21英寸23",自营荣耀官方旗舰店,../img/l3a-tu1.jpg,../img/l3a-tu2.jpg,../img/l3a-tu3.jpg,../img/l3a-tu4.jpg,,,../img/l3b-tu1.jpg,../img/l3b-tu2.jpg,../img/l3b-tu3.jpg,../img/l3b-tu4.jpg,../img/l3b-tu5.jpg,,../img/d3b-tu1.jpg,../img/d3b-tu2.jpg,../img/d3b-tu3.jpg,../img/d3b-tu4.jpg,../img/d3b-tu5.jpg,../img/d3b-tu6.jpg,../img/d3s-tu1.jpg,../img/d3s-tu2.jpg,../img/d3s-tu3.jpg,../img/d3s-tu4.jpg,../img/d3s-tu5.jpg,../img/d3s-tu6.jpg
60,60,5388.00 ,0,"Apple iPhone XR 128G 珊瑚色 移动联通电信4G手机

“哪一面都是亮点”iPhone XR配备6.15",国美Apple产品专营点,../img/l4a-tu1.jpg,../img/l4a-tu2.jpg,../img/l4a-tu3.jpg,../img/l4a-tu4.jpg,../img/l4a-tu5.jpg,../img/l4a-tu6.jpg,../img/l4b-tu1.jpg,../img/l4b-tu2.jpg,../img/l4b-tu3.jpg,../img/l4b-tu4.jpg,../img/l4b-tu5.jpg,../img/l4b-tu6.jpg,../img/d4b-tu1.jpg,../img/d4b-tu2.jpg,../img/d4b-tu3.jpg,../img/d4b-tu4.jpg,../img/d4b-tu5.jpg,,../img/d4s-tu1.jpg,../img/d4s-tu2.jpg,../img/d4s-tu3.jpg,../img/d4s-tu4.jpg,../img/d4s-tu5.jpg,
61,61,8788.00 ,0,"Apple iPhone XS Max 256G 银色 移动联通电信4G手机

iPhone XS Max配备6.20英寸显示屏，",国美Apple产品专营店,../img/l1a-tu1.jpg,../img/l1a-tu2.jpg,../img/l1a-tu3.jpg,../img/l1a-tu4.jpg,../img/l1a-tu5.jpg,,../imgl1b-tu1.jpg,../imgl1b-tu2.jpg,../imgl1b-tu3.jpg,../imgl1b-tu4.jpg,../imgl1b-tu5.jpg,,../img/d1b-tu1.jpg,../img/d1b-tu2.jpg,../img/d1b-tu3.jpg,../img/d1b-tu4.jpg,../img/d1b-tu5.jpg,,../img/d1s-tu1.jpg,../img/d1s-tu2.jpg,..img/d1s-tu3.jpg,../img/d1s-tu4.jpg,../img/d1s-tu5.jpg,
62,62,1899.00 ,0,"荣耀（honor）荣耀8X (JSN-AL00)全网通6GB+128GB梦幻紫

拥有106%屏占比，破界无边的开阔视",自营荣耀官方旗舰店,../img/l2a-tu1.jpg,../img/l2a-tu2.jpg,../img/l2a-tu3.jpg,../img/l2a-tu4.jpg,../img/l2a-tu5.jpg,,../img/l2b-tu1.jpg,../img/l2b-tu2.jpg,../img/l2b-tu3.jpg,../img/l2b-tu4.jpg,../img/l2b-tu5.jpg,,../img/d2b-tu1.jpg,../img/d2b-tu2.jpg,../img/d2b-tu3.jpg,../img/d2b-tu4.jpg,../img/d2b-tu5.jpg,,../img/d2s-tu1.jpg,../img/d2s-tu2.jpg,../img/d2s-tu3.jpg,../img/d2s-tu4.jpg,../img/d2s-tu5.jpg,
63,63,1299.00 ,0,"荣耀（honor）荣耀10青春版 标配版 4GB+64GB 全网通版 幻夜黑

幻彩渐变，2400万AI自拍，6.21英寸24",自营荣耀官方旗舰店,../img/l3a-tu1.jpg,../img/l3a-tu2.jpg,../img/l3a-tu3.jpg,../img/l3a-tu4.jpg,,,../img/l3b-tu1.jpg,../img/l3b-tu2.jpg,../img/l3b-tu3.jpg,../img/l3b-tu4.jpg,../img/l3b-tu5.jpg,,../img/d3b-tu1.jpg,../img/d3b-tu2.jpg,../img/d3b-tu3.jpg,../img/d3b-tu4.jpg,../img/d3b-tu5.jpg,../img/d3b-tu6.jpg,../img/d3s-tu1.jpg,../img/d3s-tu2.jpg,../img/d3s-tu3.jpg,../img/d3s-tu4.jpg,../img/d3s-tu5.jpg,../img/d3s-tu6.jpg
64,64,5388.00 ,0,"Apple iPhone XR 128G 珊瑚色 移动联通电信4G手机

“哪一面都是亮点”iPhone XR配备6.16",国美Apple产品专营点,../img/l4a-tu1.jpg,../img/l4a-tu2.jpg,../img/l4a-tu3.jpg,../img/l4a-tu4.jpg,../img/l4a-tu5.jpg,../img/l4a-tu6.jpg,../img/l4b-tu1.jpg,../img/l4b-tu2.jpg,../img/l4b-tu3.jpg,../img/l4b-tu4.jpg,../img/l4b-tu5.jpg,../img/l4b-tu6.jpg,../img/d4b-tu1.jpg,../img/d4b-tu2.jpg,../img/d4b-tu3.jpg,../img/d4b-tu4.jpg,../img/d4b-tu5.jpg,,../img/d4s-tu1.jpg,../img/d4s-tu2.jpg,../img/d4s-tu3.jpg,../img/d4s-tu4.jpg,../img/d4s-tu5.jpg,
65,65,8788.00 ,0,"Apple iPhone XS Max 256G 银色 移动联通电信4G手机

iPhone XS Max配备6.21英寸显示屏，",国美Apple产品专营店,../img/l1a-tu1.jpg,../img/l1a-tu2.jpg,../img/l1a-tu3.jpg,../img/l1a-tu4.jpg,../img/l1a-tu5.jpg,,../imgl1b-tu1.jpg,../imgl1b-tu2.jpg,../imgl1b-tu3.jpg,../imgl1b-tu4.jpg,../imgl1b-tu5.jpg,,../img/d1b-tu1.jpg,../img/d1b-tu2.jpg,../img/d1b-tu3.jpg,../img/d1b-tu4.jpg,../img/d1b-tu5.jpg,,../img/d1s-tu1.jpg,../img/d1s-tu2.jpg,..img/d1s-tu3.jpg,../img/d1s-tu4.jpg,../img/d1s-tu5.jpg,
66,66,1899.00 ,0,"荣耀（honor）荣耀8X (JSN-AL00)全网通6GB+128GB梦幻紫

拥有107%屏占比，破界无边的开阔视",自营荣耀官方旗舰店,../img/l2a-tu1.jpg,../img/l2a-tu2.jpg,../img/l2a-tu3.jpg,../img/l2a-tu4.jpg,../img/l2a-tu5.jpg,,../img/l2b-tu1.jpg,../img/l2b-tu2.jpg,../img/l2b-tu3.jpg,../img/l2b-tu4.jpg,../img/l2b-tu5.jpg,,../img/d2b-tu1.jpg,../img/d2b-tu2.jpg,../img/d2b-tu3.jpg,../img/d2b-tu4.jpg,../img/d2b-tu5.jpg,,../img/d2s-tu1.jpg,../img/d2s-tu2.jpg,../img/d2s-tu3.jpg,../img/d2s-tu4.jpg,../img/d2s-tu5.jpg,
67,67,1299.00 ,0,"荣耀（honor）荣耀10青春版 标配版 4GB+64GB 全网通版 幻夜黑

幻彩渐变，2400万AI自拍，6.21英寸25",自营荣耀官方旗舰店,../img/l3a-tu1.jpg,../img/l3a-tu2.jpg,../img/l3a-tu3.jpg,../img/l3a-tu4.jpg,,,../img/l3b-tu1.jpg,../img/l3b-tu2.jpg,../img/l3b-tu3.jpg,../img/l3b-tu4.jpg,../img/l3b-tu5.jpg,,../img/d3b-tu1.jpg,../img/d3b-tu2.jpg,../img/d3b-tu3.jpg,../img/d3b-tu4.jpg,../img/d3b-tu5.jpg,../img/d3b-tu6.jpg,../img/d3s-tu1.jpg,../img/d3s-tu2.jpg,../img/d3s-tu3.jpg,../img/d3s-tu4.jpg,../img/d3s-tu5.jpg,../img/d3s-tu6.jpg
68,68,5388.00 ,0,"Apple iPhone XR 128G 珊瑚色 移动联通电信4G手机

“哪一面都是亮点”iPhone XR配备6.17",国美Apple产品专营点,../img/l4a-tu1.jpg,../img/l4a-tu2.jpg,../img/l4a-tu3.jpg,../img/l4a-tu4.jpg,../img/l4a-tu5.jpg,../img/l4a-tu6.jpg,../img/l4b-tu1.jpg,../img/l4b-tu2.jpg,../img/l4b-tu3.jpg,../img/l4b-tu4.jpg,../img/l4b-tu5.jpg,../img/l4b-tu6.jpg,../img/d4b-tu1.jpg,../img/d4b-tu2.jpg,../img/d4b-tu3.jpg,../img/d4b-tu4.jpg,../img/d4b-tu5.jpg,,../img/d4s-tu1.jpg,../img/d4s-tu2.jpg,../img/d4s-tu3.jpg,../img/d4s-tu4.jpg,../img/d4s-tu5.jpg,
69,69,8788.00 ,0,"Apple iPhone XS Max 256G 银色 移动联通电信4G手机

iPhone XS Max配备6.22英寸显示屏，",国美Apple产品专营店,../img/l1a-tu1.jpg,../img/l1a-tu2.jpg,../img/l1a-tu3.jpg,../img/l1a-tu4.jpg,../img/l1a-tu5.jpg,,../imgl1b-tu1.jpg,../imgl1b-tu2.jpg,../imgl1b-tu3.jpg,../imgl1b-tu4.jpg,../imgl1b-tu5.jpg,,../img/d1b-tu1.jpg,../img/d1b-tu2.jpg,../img/d1b-tu3.jpg,../img/d1b-tu4.jpg,../img/d1b-tu5.jpg,,../img/d1s-tu1.jpg,../img/d1s-tu2.jpg,..img/d1s-tu3.jpg,../img/d1s-tu4.jpg,../img/d1s-tu5.jpg,
70,70,1899.00 ,0,"荣耀（honor）荣耀8X (JSN-AL00)全网通6GB+128GB梦幻紫

拥有108%屏占比，破界无边的开阔视",自营荣耀官方旗舰店,../img/l2a-tu1.jpg,../img/l2a-tu2.jpg,../img/l2a-tu3.jpg,../img/l2a-tu4.jpg,../img/l2a-tu5.jpg,,../img/l2b-tu1.jpg,../img/l2b-tu2.jpg,../img/l2b-tu3.jpg,../img/l2b-tu4.jpg,../img/l2b-tu5.jpg,,../img/d2b-tu1.jpg,../img/d2b-tu2.jpg,../img/d2b-tu3.jpg,../img/d2b-tu4.jpg,../img/d2b-tu5.jpg,,../img/d2s-tu1.jpg,../img/d2s-tu2.jpg,../img/d2s-tu3.jpg,../img/d2s-tu4.jpg,../img/d2s-tu5.jpg,
71,71,1299.00 ,0,"荣耀（honor）荣耀10青春版 标配版 4GB+64GB 全网通版 幻夜黑

幻彩渐变，2400万AI自拍，6.21英寸26",自营荣耀官方旗舰店,../img/l3a-tu1.jpg,../img/l3a-tu2.jpg,../img/l3a-tu3.jpg,../img/l3a-tu4.jpg,,,../img/l3b-tu1.jpg,../img/l3b-tu2.jpg,../img/l3b-tu3.jpg,../img/l3b-tu4.jpg,../img/l3b-tu5.jpg,,../img/d3b-tu1.jpg,../img/d3b-tu2.jpg,../img/d3b-tu3.jpg,../img/d3b-tu4.jpg,../img/d3b-tu5.jpg,../img/d3b-tu6.jpg,../img/d3s-tu1.jpg,../img/d3s-tu2.jpg,../img/d3s-tu3.jpg,../img/d3s-tu4.jpg,../img/d3s-tu5.jpg,../img/d3s-tu6.jpg
72,72,5388.00 ,0,"Apple iPhone XR 128G 珊瑚色 移动联通电信4G手机

“哪一面都是亮点”iPhone XR配备6.18",国美Apple产品专营点,../img/l4a-tu1.jpg,../img/l4a-tu2.jpg,../img/l4a-tu3.jpg,../img/l4a-tu4.jpg,../img/l4a-tu5.jpg,../img/l4a-tu6.jpg,../img/l4b-tu1.jpg,../img/l4b-tu2.jpg,../img/l4b-tu3.jpg,../img/l4b-tu4.jpg,../img/l4b-tu5.jpg,../img/l4b-tu6.jpg,../img/d4b-tu1.jpg,../img/d4b-tu2.jpg,../img/d4b-tu3.jpg,../img/d4b-tu4.jpg,../img/d4b-tu5.jpg,,../img/d4s-tu1.jpg,../img/d4s-tu2.jpg,../img/d4s-tu3.jpg,../img/d4s-tu4.jpg,../img/d4s-tu5.jpg,
73,73,8788.00 ,0,"Apple iPhone XS Max 256G 银色 移动联通电信4G手机

iPhone XS Max配备6.23英寸显示屏，",国美Apple产品专营店,../img/l1a-tu1.jpg,../img/l1a-tu2.jpg,../img/l1a-tu3.jpg,../img/l1a-tu4.jpg,../img/l1a-tu5.jpg,,../imgl1b-tu1.jpg,../imgl1b-tu2.jpg,../imgl1b-tu3.jpg,../imgl1b-tu4.jpg,../imgl1b-tu5.jpg,,../img/d1b-tu1.jpg,../img/d1b-tu2.jpg,../img/d1b-tu3.jpg,../img/d1b-tu4.jpg,../img/d1b-tu5.jpg,,../img/d1s-tu1.jpg,../img/d1s-tu2.jpg,..img/d1s-tu3.jpg,../img/d1s-tu4.jpg,../img/d1s-tu5.jpg,
74,74,1899.00 ,0,"荣耀（honor）荣耀8X (JSN-AL00)全网通6GB+128GB梦幻紫

拥有109%屏占比，破界无边的开阔视",自营荣耀官方旗舰店,../img/l2a-tu1.jpg,../img/l2a-tu2.jpg,../img/l2a-tu3.jpg,../img/l2a-tu4.jpg,../img/l2a-tu5.jpg,,../img/l2b-tu1.jpg,../img/l2b-tu2.jpg,../img/l2b-tu3.jpg,../img/l2b-tu4.jpg,../img/l2b-tu5.jpg,,../img/d2b-tu1.jpg,../img/d2b-tu2.jpg,../img/d2b-tu3.jpg,../img/d2b-tu4.jpg,../img/d2b-tu5.jpg,,../img/d2s-tu1.jpg,../img/d2s-tu2.jpg,../img/d2s-tu3.jpg,../img/d2s-tu4.jpg,../img/d2s-tu5.jpg,
75,75,1299.00 ,0,"荣耀（honor）荣耀10青春版 标配版 4GB+64GB 全网通版 幻夜黑

幻彩渐变，2400万AI自拍，6.21英寸27",自营荣耀官方旗舰店,../img/l3a-tu1.jpg,../img/l3a-tu2.jpg,../img/l3a-tu3.jpg,../img/l3a-tu4.jpg,,,../img/l3b-tu1.jpg,../img/l3b-tu2.jpg,../img/l3b-tu3.jpg,../img/l3b-tu4.jpg,../img/l3b-tu5.jpg,,../img/d3b-tu1.jpg,../img/d3b-tu2.jpg,../img/d3b-tu3.jpg,../img/d3b-tu4.jpg,../img/d3b-tu5.jpg,../img/d3b-tu6.jpg,../img/d3s-tu1.jpg,../img/d3s-tu2.jpg,../img/d3s-tu3.jpg,../img/d3s-tu4.jpg,../img/d3s-tu5.jpg,../img/d3s-tu6.jpg
76,76,5388.00 ,0,"Apple iPhone XR 128G 珊瑚色 移动联通电信4G手机

“哪一面都是亮点”iPhone XR配备6.19",国美Apple产品专营点,../img/l4a-tu1.jpg,../img/l4a-tu2.jpg,../img/l4a-tu3.jpg,../img/l4a-tu4.jpg,../img/l4a-tu5.jpg,../img/l4a-tu6.jpg,../img/l4b-tu1.jpg,../img/l4b-tu2.jpg,../img/l4b-tu3.jpg,../img/l4b-tu4.jpg,../img/l4b-tu5.jpg,../img/l4b-tu6.jpg,../img/d4b-tu1.jpg,../img/d4b-tu2.jpg,../img/d4b-tu3.jpg,../img/d4b-tu4.jpg,../img/d4b-tu5.jpg,,../img/d4s-tu1.jpg,../img/d4s-tu2.jpg,../img/d4s-tu3.jpg,../img/d4s-tu4.jpg,../img/d4s-tu5.jpg,
77,77,8788.00 ,0,"Apple iPhone XS Max 256G 银色 移动联通电信4G手机

iPhone XS Max配备6.24英寸显示屏，",国美Apple产品专营店,../img/l1a-tu1.jpg,../img/l1a-tu2.jpg,../img/l1a-tu3.jpg,../img/l1a-tu4.jpg,../img/l1a-tu5.jpg,,../imgl1b-tu1.jpg,../imgl1b-tu2.jpg,../imgl1b-tu3.jpg,../imgl1b-tu4.jpg,../imgl1b-tu5.jpg,,../img/d1b-tu1.jpg,../img/d1b-tu2.jpg,../img/d1b-tu3.jpg,../img/d1b-tu4.jpg,../img/d1b-tu5.jpg,,../img/d1s-tu1.jpg,../img/d1s-tu2.jpg,..img/d1s-tu3.jpg,../img/d1s-tu4.jpg,../img/d1s-tu5.jpg,
78,78,1899.00 ,0,"荣耀（honor）荣耀8X (JSN-AL00)全网通6GB+128GB梦幻紫

拥有110%屏占比，破界无边的开阔视",自营荣耀官方旗舰店,../img/l2a-tu1.jpg,../img/l2a-tu2.jpg,../img/l2a-tu3.jpg,../img/l2a-tu4.jpg,../img/l2a-tu5.jpg,,../img/l2b-tu1.jpg,../img/l2b-tu2.jpg,../img/l2b-tu3.jpg,../img/l2b-tu4.jpg,../img/l2b-tu5.jpg,,../img/d2b-tu1.jpg,../img/d2b-tu2.jpg,../img/d2b-tu3.jpg,../img/d2b-tu4.jpg,../img/d2b-tu5.jpg,,../img/d2s-tu1.jpg,../img/d2s-tu2.jpg,../img/d2s-tu3.jpg,../img/d2s-tu4.jpg,../img/d2s-tu5.jpg,
79,79,1299.00 ,0,"荣耀（honor）荣耀10青春版 标配版 4GB+64GB 全网通版 幻夜黑

幻彩渐变，2400万AI自拍，6.21英寸28",自营荣耀官方旗舰店,../img/l3a-tu1.jpg,../img/l3a-tu2.jpg,../img/l3a-tu3.jpg,../img/l3a-tu4.jpg,,,../img/l3b-tu1.jpg,../img/l3b-tu2.jpg,../img/l3b-tu3.jpg,../img/l3b-tu4.jpg,../img/l3b-tu5.jpg,,../img/d3b-tu1.jpg,../img/d3b-tu2.jpg,../img/d3b-tu3.jpg,../img/d3b-tu4.jpg,../img/d3b-tu5.jpg,../img/d3b-tu6.jpg,../img/d3s-tu1.jpg,../img/d3s-tu2.jpg,../img/d3s-tu3.jpg,../img/d3s-tu4.jpg,../img/d3s-tu5.jpg,../img/d3s-tu6.jpg
80,80,5388.00 ,0,"Apple iPhone XR 128G 珊瑚色 移动联通电信4G手机

“哪一面都是亮点”iPhone XR配备6.20",国美Apple产品专营点,../img/l4a-tu1.jpg,../img/l4a-tu2.jpg,../img/l4a-tu3.jpg,../img/l4a-tu4.jpg,../img/l4a-tu5.jpg,../img/l4a-tu6.jpg,../img/l4b-tu1.jpg,../img/l4b-tu2.jpg,../img/l4b-tu3.jpg,../img/l4b-tu4.jpg,../img/l4b-tu5.jpg,../img/l4b-tu6.jpg,../img/d4b-tu1.jpg,../img/d4b-tu2.jpg,../img/d4b-tu3.jpg,../img/d4b-tu4.jpg,../img/d4b-tu5.jpg,,../img/d4s-tu1.jpg,../img/d4s-tu2.jpg,../img/d4s-tu3.jpg,../img/d4s-tu4.jpg,../img/d4s-tu5.jpg,
81,81,8788.00 ,0,"Apple iPhone XS Max 256G 银色 移动联通电信4G手机

iPhone XS Max配备6.25英寸显示屏，",国美Apple产品专营店,../img/l1a-tu1.jpg,../img/l1a-tu2.jpg,../img/l1a-tu3.jpg,../img/l1a-tu4.jpg,../img/l1a-tu5.jpg,,../imgl1b-tu1.jpg,../imgl1b-tu2.jpg,../imgl1b-tu3.jpg,../imgl1b-tu4.jpg,../imgl1b-tu5.jpg,,../img/d1b-tu1.jpg,../img/d1b-tu2.jpg,../img/d1b-tu3.jpg,../img/d1b-tu4.jpg,../img/d1b-tu5.jpg,,../img/d1s-tu1.jpg,../img/d1s-tu2.jpg,..img/d1s-tu3.jpg,../img/d1s-tu4.jpg,../img/d1s-tu5.jpg,
82,82,1899.00 ,0,"荣耀（honor）荣耀8X (JSN-AL00)全网通6GB+128GB梦幻紫

拥有111%屏占比，破界无边的开阔视",自营荣耀官方旗舰店,../img/l2a-tu1.jpg,../img/l2a-tu2.jpg,../img/l2a-tu3.jpg,../img/l2a-tu4.jpg,../img/l2a-tu5.jpg,,../img/l2b-tu1.jpg,../img/l2b-tu2.jpg,../img/l2b-tu3.jpg,../img/l2b-tu4.jpg,../img/l2b-tu5.jpg,,../img/d2b-tu1.jpg,../img/d2b-tu2.jpg,../img/d2b-tu3.jpg,../img/d2b-tu4.jpg,../img/d2b-tu5.jpg,,../img/d2s-tu1.jpg,../img/d2s-tu2.jpg,../img/d2s-tu3.jpg,../img/d2s-tu4.jpg,../img/d2s-tu5.jpg,
83,83,1299.00 ,0,"荣耀（honor）荣耀10青春版 标配版 4GB+64GB 全网通版 幻夜黑

幻彩渐变，2400万AI自拍，6.21英寸29",自营荣耀官方旗舰店,../img/l3a-tu1.jpg,../img/l3a-tu2.jpg,../img/l3a-tu3.jpg,../img/l3a-tu4.jpg,,,../img/l3b-tu1.jpg,../img/l3b-tu2.jpg,../img/l3b-tu3.jpg,../img/l3b-tu4.jpg,../img/l3b-tu5.jpg,,../img/d3b-tu1.jpg,../img/d3b-tu2.jpg,../img/d3b-tu3.jpg,../img/d3b-tu4.jpg,../img/d3b-tu5.jpg,../img/d3b-tu6.jpg,../img/d3s-tu1.jpg,../img/d3s-tu2.jpg,../img/d3s-tu3.jpg,../img/d3s-tu4.jpg,../img/d3s-tu5.jpg,../img/d3s-tu6.jpg
84,84,5388.00 ,0,"Apple iPhone XR 128G 珊瑚色 移动联通电信4G手机

“哪一面都是亮点”iPhone XR配备6.21",国美Apple产品专营点,../img/l4a-tu1.jpg,../img/l4a-tu2.jpg,../img/l4a-tu3.jpg,../img/l4a-tu4.jpg,../img/l4a-tu5.jpg,../img/l4a-tu6.jpg,../img/l4b-tu1.jpg,../img/l4b-tu2.jpg,../img/l4b-tu3.jpg,../img/l4b-tu4.jpg,../img/l4b-tu5.jpg,../img/l4b-tu6.jpg,../img/d4b-tu1.jpg,../img/d4b-tu2.jpg,../img/d4b-tu3.jpg,../img/d4b-tu4.jpg,../img/d4b-tu5.jpg,,../img/d4s-tu1.jpg,../img/d4s-tu2.jpg,../img/d4s-tu3.jpg,../img/d4s-tu4.jpg,../img/d4s-tu5.jpg,
85,85,8788.00 ,0,"Apple iPhone XS Max 256G 银色 移动联通电信4G手机

iPhone XS Max配备6.26英寸显示屏，",国美Apple产品专营店,../img/l1a-tu1.jpg,../img/l1a-tu2.jpg,../img/l1a-tu3.jpg,../img/l1a-tu4.jpg,../img/l1a-tu5.jpg,,../imgl1b-tu1.jpg,../imgl1b-tu2.jpg,../imgl1b-tu3.jpg,../imgl1b-tu4.jpg,../imgl1b-tu5.jpg,,../img/d1b-tu1.jpg,../img/d1b-tu2.jpg,../img/d1b-tu3.jpg,../img/d1b-tu4.jpg,../img/d1b-tu5.jpg,,../img/d1s-tu1.jpg,../img/d1s-tu2.jpg,..img/d1s-tu3.jpg,../img/d1s-tu4.jpg,../img/d1s-tu5.jpg,
86,86,1899.00 ,0,"荣耀（honor）荣耀8X (JSN-AL00)全网通6GB+128GB梦幻紫

拥有112%屏占比，破界无边的开阔视",自营荣耀官方旗舰店,../img/l2a-tu1.jpg,../img/l2a-tu2.jpg,../img/l2a-tu3.jpg,../img/l2a-tu4.jpg,../img/l2a-tu5.jpg,,../img/l2b-tu1.jpg,../img/l2b-tu2.jpg,../img/l2b-tu3.jpg,../img/l2b-tu4.jpg,../img/l2b-tu5.jpg,,../img/d2b-tu1.jpg,../img/d2b-tu2.jpg,../img/d2b-tu3.jpg,../img/d2b-tu4.jpg,../img/d2b-tu5.jpg,,../img/d2s-tu1.jpg,../img/d2s-tu2.jpg,../img/d2s-tu3.jpg,../img/d2s-tu4.jpg,../img/d2s-tu5.jpg,
87,87,1299.00 ,0,"荣耀（honor）荣耀10青春版 标配版 4GB+64GB 全网通版 幻夜黑

幻彩渐变，2400万AI自拍，6.21英寸30",自营荣耀官方旗舰店,../img/l3a-tu1.jpg,../img/l3a-tu2.jpg,../img/l3a-tu3.jpg,../img/l3a-tu4.jpg,,,../img/l3b-tu1.jpg,../img/l3b-tu2.jpg,../img/l3b-tu3.jpg,../img/l3b-tu4.jpg,../img/l3b-tu5.jpg,,../img/d3b-tu1.jpg,../img/d3b-tu2.jpg,../img/d3b-tu3.jpg,../img/d3b-tu4.jpg,../img/d3b-tu5.jpg,../img/d3b-tu6.jpg,../img/d3s-tu1.jpg,../img/d3s-tu2.jpg,../img/d3s-tu3.jpg,../img/d3s-tu4.jpg,../img/d3s-tu5.jpg,../img/d3s-tu6.jpg
88,88,5388.00 ,0,"Apple iPhone XR 128G 珊瑚色 移动联通电信4G手机

“哪一面都是亮点”iPhone XR配备6.22",国美Apple产品专营点,../img/l4a-tu1.jpg,../img/l4a-tu2.jpg,../img/l4a-tu3.jpg,../img/l4a-tu4.jpg,../img/l4a-tu5.jpg,../img/l4a-tu6.jpg,../img/l4b-tu1.jpg,../img/l4b-tu2.jpg,../img/l4b-tu3.jpg,../img/l4b-tu4.jpg,../img/l4b-tu5.jpg,../img/l4b-tu6.jpg,../img/d4b-tu1.jpg,../img/d4b-tu2.jpg,../img/d4b-tu3.jpg,../img/d4b-tu4.jpg,../img/d4b-tu5.jpg,,../img/d4s-tu1.jpg,../img/d4s-tu2.jpg,../img/d4s-tu3.jpg,../img/d4s-tu4.jpg,../img/d4s-tu5.jpg,
89,89,8788.00 ,0,"Apple iPhone XS Max 256G 银色 移动联通电信4G手机

iPhone XS Max配备6.27英寸显示屏，",国美Apple产品专营店,../img/l1a-tu1.jpg,../img/l1a-tu2.jpg,../img/l1a-tu3.jpg,../img/l1a-tu4.jpg,../img/l1a-tu5.jpg,,../imgl1b-tu1.jpg,../imgl1b-tu2.jpg,../imgl1b-tu3.jpg,../imgl1b-tu4.jpg,../imgl1b-tu5.jpg,,../img/d1b-tu1.jpg,../img/d1b-tu2.jpg,../img/d1b-tu3.jpg,../img/d1b-tu4.jpg,../img/d1b-tu5.jpg,,../img/d1s-tu1.jpg,../img/d1s-tu2.jpg,..img/d1s-tu3.jpg,../img/d1s-tu4.jpg,../img/d1s-tu5.jpg,
90,90,1899.00 ,0,"荣耀（honor）荣耀8X (JSN-AL00)全网通6GB+128GB梦幻紫

拥有113%屏占比，破界无边的开阔视",自营荣耀官方旗舰店,../img/l2a-tu1.jpg,../img/l2a-tu2.jpg,../img/l2a-tu3.jpg,../img/l2a-tu4.jpg,../img/l2a-tu5.jpg,,../img/l2b-tu1.jpg,../img/l2b-tu2.jpg,../img/l2b-tu3.jpg,../img/l2b-tu4.jpg,../img/l2b-tu5.jpg,,../img/d2b-tu1.jpg,../img/d2b-tu2.jpg,../img/d2b-tu3.jpg,../img/d2b-tu4.jpg,../img/d2b-tu5.jpg,,../img/d2s-tu1.jpg,../img/d2s-tu2.jpg,../img/d2s-tu3.jpg,../img/d2s-tu4.jpg,../img/d2s-tu5.jpg,
91,91,1299.00 ,0,"荣耀（honor）荣耀10青春版 标配版 4GB+64GB 全网通版 幻夜黑

幻彩渐变，2400万AI自拍，6.21英寸31",自营荣耀官方旗舰店,../img/l3a-tu1.jpg,../img/l3a-tu2.jpg,../img/l3a-tu3.jpg,../img/l3a-tu4.jpg,,,../img/l3b-tu1.jpg,../img/l3b-tu2.jpg,../img/l3b-tu3.jpg,../img/l3b-tu4.jpg,../img/l3b-tu5.jpg,,../img/d3b-tu1.jpg,../img/d3b-tu2.jpg,../img/d3b-tu3.jpg,../img/d3b-tu4.jpg,../img/d3b-tu5.jpg,../img/d3b-tu6.jpg,../img/d3s-tu1.jpg,../img/d3s-tu2.jpg,../img/d3s-tu3.jpg,../img/d3s-tu4.jpg,../img/d3s-tu5.jpg,../img/d3s-tu6.jpg
92,92,5388.00 ,0,"Apple iPhone XR 128G 珊瑚色 移动联通电信4G手机

“哪一面都是亮点”iPhone XR配备6.23",国美Apple产品专营点,../img/l4a-tu1.jpg,../img/l4a-tu2.jpg,../img/l4a-tu3.jpg,../img/l4a-tu4.jpg,../img/l4a-tu5.jpg,../img/l4a-tu6.jpg,../img/l4b-tu1.jpg,../img/l4b-tu2.jpg,../img/l4b-tu3.jpg,../img/l4b-tu4.jpg,../img/l4b-tu5.jpg,../img/l4b-tu6.jpg,../img/d4b-tu1.jpg,../img/d4b-tu2.jpg,../img/d4b-tu3.jpg,../img/d4b-tu4.jpg,../img/d4b-tu5.jpg,,../img/d4s-tu1.jpg,../img/d4s-tu2.jpg,../img/d4s-tu3.jpg,../img/d4s-tu4.jpg,../img/d4s-tu5.jpg,
93,93,8788.00 ,0,"Apple iPhone XS Max 256G 银色 移动联通电信4G手机

iPhone XS Max配备6.28英寸显示屏，",国美Apple产品专营店,../img/l1a-tu1.jpg,../img/l1a-tu2.jpg,../img/l1a-tu3.jpg,../img/l1a-tu4.jpg,../img/l1a-tu5.jpg,,../imgl1b-tu1.jpg,../imgl1b-tu2.jpg,../imgl1b-tu3.jpg,../imgl1b-tu4.jpg,../imgl1b-tu5.jpg,,../img/d1b-tu1.jpg,../img/d1b-tu2.jpg,../img/d1b-tu3.jpg,../img/d1b-tu4.jpg,../img/d1b-tu5.jpg,,../img/d1s-tu1.jpg,../img/d1s-tu2.jpg,..img/d1s-tu3.jpg,../img/d1s-tu4.jpg,../img/d1s-tu5.jpg,
94,94,1899.00 ,0,"荣耀（honor）荣耀8X (JSN-AL00)全网通6GB+128GB梦幻紫

拥有114%屏占比，破界无边的开阔视",自营荣耀官方旗舰店,../img/l2a-tu1.jpg,../img/l2a-tu2.jpg,../img/l2a-tu3.jpg,../img/l2a-tu4.jpg,../img/l2a-tu5.jpg,,../img/l2b-tu1.jpg,../img/l2b-tu2.jpg,../img/l2b-tu3.jpg,../img/l2b-tu4.jpg,../img/l2b-tu5.jpg,,../img/d2b-tu1.jpg,../img/d2b-tu2.jpg,../img/d2b-tu3.jpg,../img/d2b-tu4.jpg,../img/d2b-tu5.jpg,,../img/d2s-tu1.jpg,../img/d2s-tu2.jpg,../img/d2s-tu3.jpg,../img/d2s-tu4.jpg,../img/d2s-tu5.jpg,
95,95,1299.00 ,0,"荣耀（honor）荣耀10青春版 标配版 4GB+64GB 全网通版 幻夜黑

幻彩渐变，2400万AI自拍，6.21英寸32",自营荣耀官方旗舰店,../img/l3a-tu1.jpg,../img/l3a-tu2.jpg,../img/l3a-tu3.jpg,../img/l3a-tu4.jpg,,,../img/l3b-tu1.jpg,../img/l3b-tu2.jpg,../img/l3b-tu3.jpg,../img/l3b-tu4.jpg,../img/l3b-tu5.jpg,,../img/d3b-tu1.jpg,../img/d3b-tu2.jpg,../img/d3b-tu3.jpg,../img/d3b-tu4.jpg,../img/d3b-tu5.jpg,../img/d3b-tu6.jpg,../img/d3s-tu1.jpg,../img/d3s-tu2.jpg,../img/d3s-tu3.jpg,../img/d3s-tu4.jpg,../img/d3s-tu5.jpg,../img/d3s-tu6.jpg
96,96,5388.00 ,0,"Apple iPhone XR 128G 珊瑚色 移动联通电信4G手机

“哪一面都是亮点”iPhone XR配备6.24",国美Apple产品专营点,../img/l4a-tu1.jpg,../img/l4a-tu2.jpg,../img/l4a-tu3.jpg,../img/l4a-tu4.jpg,../img/l4a-tu5.jpg,../img/l4a-tu6.jpg,../img/l4b-tu1.jpg,../img/l4b-tu2.jpg,../img/l4b-tu3.jpg,../img/l4b-tu4.jpg,../img/l4b-tu5.jpg,../img/l4b-tu6.jpg,../img/d4b-tu1.jpg,../img/d4b-tu2.jpg,../img/d4b-tu3.jpg,../img/d4b-tu4.jpg,../img/d4b-tu5.jpg,,../img/d4s-tu1.jpg,../img/d4s-tu2.jpg,../img/d4s-tu3.jpg,../img/d4s-tu4.jpg,../img/d4s-tu5.jpg,
97,97,8788.00 ,0,"Apple iPhone XS Max 256G 银色 移动联通电信4G手机

iPhone XS Max配备6.29英寸显示屏，",国美Apple产品专营店,../img/l1a-tu1.jpg,../img/l1a-tu2.jpg,../img/l1a-tu3.jpg,../img/l1a-tu4.jpg,../img/l1a-tu5.jpg,,../imgl1b-tu1.jpg,../imgl1b-tu2.jpg,../imgl1b-tu3.jpg,../imgl1b-tu4.jpg,../imgl1b-tu5.jpg,,../img/d1b-tu1.jpg,../img/d1b-tu2.jpg,../img/d1b-tu3.jpg,../img/d1b-tu4.jpg,../img/d1b-tu5.jpg,,../img/d1s-tu1.jpg,../img/d1s-tu2.jpg,..img/d1s-tu3.jpg,../img/d1s-tu4.jpg,../img/d1s-tu5.jpg,
98,98,1899.00 ,0,"荣耀（honor）荣耀8X (JSN-AL00)全网通6GB+128GB梦幻紫

拥有115%屏占比，破界无边的开阔视",自营荣耀官方旗舰店,../img/l2a-tu1.jpg,../img/l2a-tu2.jpg,../img/l2a-tu3.jpg,../img/l2a-tu4.jpg,../img/l2a-tu5.jpg,,../img/l2b-tu1.jpg,../img/l2b-tu2.jpg,../img/l2b-tu3.jpg,../img/l2b-tu4.jpg,../img/l2b-tu5.jpg,,../img/d2b-tu1.jpg,../img/d2b-tu2.jpg,../img/d2b-tu3.jpg,../img/d2b-tu4.jpg,../img/d2b-tu5.jpg,,../img/d2s-tu1.jpg,../img/d2s-tu2.jpg,../img/d2s-tu3.jpg,../img/d2s-tu4.jpg,../img/d2s-tu5.jpg,
99,99,1299.00 ,0,"荣耀（honor）荣耀10青春版 标配版 4GB+64GB 全网通版 幻夜黑

幻彩渐变，2400万AI自拍，6.21英寸33",自营荣耀官方旗舰店,../img/l3a-tu1.jpg,../img/l3a-tu2.jpg,../img/l3a-tu3.jpg,../img/l3a-tu4.jpg,,,../img/l3b-tu1.jpg,../img/l3b-tu2.jpg,../img/l3b-tu3.jpg,../img/l3b-tu4.jpg,../img/l3b-tu5.jpg,,../img/d3b-tu1.jpg,../img/d3b-tu2.jpg,../img/d3b-tu3.jpg,../img/d3b-tu4.jpg,../img/d3b-tu5.jpg,../img/d3b-tu6.jpg,../img/d3s-tu1.jpg,../img/d3s-tu2.jpg,../img/d3s-tu3.jpg,../img/d3s-tu4.jpg,../img/d3s-tu5.jpg,../img/d3s-tu6.jpg
100,100,5388.00 ,0,"Apple iPhone XR 128G 珊瑚色 移动联通电信4G手机

“哪一面都是亮点”iPhone XR配备6.25",国美Apple产品专营点,../img/l4a-tu1.jpg,../img/l4a-tu2.jpg,../img/l4a-tu3.jpg,../img/l4a-tu4.jpg,../img/l4a-tu5.jpg,../img/l4a-tu6.jpg,../img/l4b-tu1.jpg,../img/l4b-tu2.jpg,../img/l4b-tu3.jpg,../img/l4b-tu4.jpg,../img/l4b-tu5.jpg,../img/l4b-tu6.jpg,../img/d4b-tu1.jpg,../img/d4b-tu2.jpg,../img/d4b-tu3.jpg,../img/d4b-tu4.jpg,../img/d4b-tu5.jpg,,../img/d4s-tu1.jpg,../img/d4s-tu2.jpg,../img/d4s-tu3.jpg,../img/d4s-tu4.jpg,../img/d4s-tu5.jpg,
